Nub,Genotype_Original,Genotype,Frag_GE,Species,Tank,Treatment,Timepoint,TreatTime,GE_sample,Surface_Area_cm2,red_chan_avg_t0,red_chan_avg_t1,red_chan_avg_t3,red_chan_avg_t4,pam_avg_t0,pam_avg_t1,pam_avg_t2,pam_avg_t3,pam_avg_t4,bw_avg_t0,bw_avg_t1,bw_avg_t2,bw_avg_t3,bw_avg_t4,GE_RawReads,GE_TrimmedReads,GE_HoloMappingEfficiency(%),GE_HolobiontMapCounts,GE_HostCounts,GE_HostMapping Efficiency(%),GE_SymbiontCounts,GE_SymbiontMappingEfficiency(%),GE_HostGenes,GE_SymbiontGenes,gross_photo_t3,gross_photo_t4,net_photo_t3,net_photo_t4,resp_t3,resp_t4,PR_t3,PR_t4
KA1.1,KA,KA_KG,KA1-1,O. franksi,6B,Control,Postheat,Control_Postheat,Postheat,4.09271532,47.5,76.3,46.7,49.2,0.54366667,0.56133333,0.55333333,0.53866667,0.52033333,9.3,9.4,9.48,9.51,9.50666667,5454393,1713114,79,1352613,915183,53.4221891,437430,25.5342026,15029,2037,,,,,,,,
KA1.2,KA,KA_KG,KA1-2,O. franksi,8A,DTV,Preheat,DTV_Preheat,,4.90059625,40.5,48.9,34.5,,0.594,0.61066667,0.554,0.555,,7.49,7.61,7.69,7.71,,,,,,,,,,,,9.06803381,,4.86106816,,4.20696565,,2.15548083,
KA3.1,KA,KA_KG,KA3-1,O. franksi,6C,Control,Preheat,Control_Preheat,Preheat,4.21177069,42.3,70.5,47.7,,0.528,0.54966667,0.56733333,0.53866667,,9.14,9.25,9.31,9.34,,5705638,1566591,85.1,1333059,786852,50.2270216,546207,34.8659606,14454,1945,,,,,,,,
KA3.2,KA,KA_KG,KA3-2,O. franksi,8C,DTV,Postheat,DTV_Postheat,,3.77471982,39.9,74.8,48.1,61,0.58966667,0.61533333,0.60066667,0.567,0.53266667,7.26333333,7.34,7.41,7.42,7.42666667,,,,,,,,,,,,,,,,,,
KA4.1,KA,KA_KG,KA4-1,O. franksi,6A,Control,Postheat,Control_Postheat,,7.35127595,43.4,95,79.2,51.4,0.55466667,0.598,0.54733333,0.55133333,0.532,7.90333333,8.02,8.09333333,8.14,8.16,,,,,,,,,,,,6.25451665,,4.41161278,,1.84290388,,3.393837692
KA4.2,KA,KA_KG,KA4-2,O. franksi,8C,DTV,Preheat,DTV_Preheat,Preheat,7.7842698,51.8,85,75.5,,0.58933333,0.60566667,0.569,0.545,,7.71666667,7.85333333,7.94,7.96,,6580487,1831662,83.9,1536838,963206,52.5864488,573632,31.3175684,15107,2015,,,,,,,,
KA5.1,KA,KA_KG,KA5-1,O. franksi,6A,Control,Preheat,Control_Preheat,,8.91600952,38.3,78.2,69.9,,0.55533333,0.57766667,0.56,0.55633333,,6.70333333,6.86,6.92,6.95,,,,,,,,,,,,4.76573459,,2.26428977,,2.50144481,,1.905192779,
KA5.2,KA,KA_KG,KA5-2,O. franksi,8A,DTV,Postheat,DTV_Postheat,Postheat,9.07284509,54.7,81.3,57.8,60.9,0.578,0.62333333,0.576,0.56633333,0.54566667,7.36,7.53,7.59333333,7.60666667,7.62,6929713,1806197,81.9,1479453,1286196,71.2101725,193257,10.6996634,15413,1404,,,,,,,,
KA6.1,KA,KA_KG,KA6-1,O. franksi,6C,Control,Postheat,Control_Postheat,,6.32289345,54.5,88.4,66.9,69.5,0.53133333,0.572,0.55533333,0.55066667,0.55266667,7.14,7.26333333,7.29,7.35,7.36333333,,,,,,,,,,,,,,,,,,
KA6.2,KA,KA_KG,KA6-2,O. franksi,8B,DTV,Preheat,DTV_Preheat,,9.58030879,52,79.8,55.6,,0.58133333,0.603,0.59933333,0.54866667,,7.94666667,8.13,8.19,8.23,,,,,,,,,,,,6.13264856,,4.30464116,,1.8280074,,3.354826988,
KA7.1,KA,KA_KG,KA7-1,O. franksi,6B,Control,Preheat,Control_Preheat,,2.8044247,51.7,81.9,60.4,,0.539,0.59266667,0.54066667,0.55133333,,7.65333333,7.75,7.85,7.88,,,,,,,,,,,,10.1892266,,5.90386438,,4.28536224,,2.377681519,
KA7.2,KA,KA_KG,KA7-2,O. franksi,8B,DTV,Postheat,DTV_Postheat,,8.20931013,51.6,86.3,41.7,69.4,0.58333333,0.61666667,0.57833333,0.55166667,0.52766667,7.15666667,7.3,7.38,7.41,7.41333333,,,,,,,,,,,,5.48564699,,4.1577886,,1.3278584,,4.131198771
KB13.1,KB,KB,KB13-1,O. franksi,6B,Control,Preheat,Control_Preheat,,4.40051069,42.9,72.9,72.6,,0.57633333,0.58666667,0.595,0.57833333,,9.53,9.65,9.77,9.85333333,,,,,,,,,,,,13.1367723,,8.19638533,,4.94038698,,2.659057348,
KB13.2,KB,KB,KB13-2,O. franksi,8A,DTV,Preheat,DTV_Preheat,Preheat,4.23543129,42.2,83.3,62.6,,0.57166667,0.599,0.61366667,0.59766667,,7.54,7.67,7.74,7.76,,6665162,2258501,82.7,1867953,1066048,47.2015731,801905,35.5060724,15300,2205,,,,,,,,
KB19.1,KB,KB,KB19-1,O. franksi,6A,Control,Preheat,Control_Preheat,,3.73893479,29.4,62.1,29.8,,0.56233333,0.59033333,0.572,0.58833333,,7.45,7.58,7.66333333,7.70333333,,,,,,,,,,,,7.63030192,,5.15930716,,2.47099476,,3.087947431,
KB19.2,KB,KB,KB19-2,O. franksi,8C,DTV,Postheat,DTV_Postheat,,3.65963092,45.1,94.5,44.3,55,0.54266667,0.601,0.61766667,0.59566667,0.55566667,9.05,9.28,9.66,9.70333333,9.74,,,,,,,,,,,,,,,,,,
KB22.1,KB,KB,KB22-1,O. franksi,6C,Control,Postheat,Control_Postheat,,5.31349015,52.5,107.5,79.8,68.9,0.55166667,0.57166667,0.58466667,0.57666667,0.54833333,8.35,8.48,8.58,8.64666667,8.64666667,,,,,,,,,,,,9.76838956,,6.24805238,,3.52033717,,2.774844877
KB22.2,KB,KB,KB22-2,O. franksi,8A,DTV,Preheat,DTV_Preheat,,11.7122311,71.8,84.8,70.6,,0.54833333,0.63266667,0.60166667,0.589,,8.83,8.98333333,9.12,9.14,,,,,,,,,,,,NA,,NA,,NA,,,
KB28.1,KB,KB,KB28-1,O. franksi,6A,Control,Preheat,Control_Preheat,Preheat,8.81027849,47.4,107.1,74.3,,0.48533333,0.55166667,0.59166667,0.55933333,,8.72666667,8.86,8.97,8.94333333,,6513247,2364810,85.7,2027233,983062,41.5704433,1044171,44.154541,15235,2266,,,,,,,,
KB28.2,KB,KB,KB28-2,O. franksi,8B,DTV,Postheat,DTV_Postheat,,8.02626033,62.8,121.2,72.5,71.7,0.56133333,0.635,0.61133333,0.583,0.513,9.34333333,9.48,9.58,9.64,9.66,,,,,,,,,,,,5.07123405,,2.60703422,,2.46419983,,2.057963802
KB39.1,KB,KB,KB39-1,O. franksi,6B,Control,Postheat,Control_Postheat,Postheat,4.99415599,42.5,69.9,46.4,45.9,0.536,0.601,0.60533333,0.57533333,0.53,9.74666667,9.9,10.0666667,10.1233333,10.1433333,6276484,808749,84.8,685838,452141,55.9062206,233697,28.8961099,12605,1541,,,,,,,,
KB39.2,KB,KB,KB39-2,O. franksi,8C,DTV,Postheat,DTV_Postheat,Postheat,6.11532743,55.2,59.7,34.8,51.4,0.56533333,0.60333333,0.62966667,0.61433333,0.58533333,9.51666667,9.73,9.84,9.88,9.88333333,5905208,2027863,80.9,1639945,1207688,59.5547135,432257,21.3158877,15387,1972,,,,,,,,
KB7.1,KB,KB,KB7-1,O. franksi,6C,Control,Postheat,Control_Postheat,,7.89625042,51.3,113.5,61.3,68.6,0.55966667,0.558,0.576,0.58366667,0.56566667,6.97,7.09333333,7.18,7.2,7.21666667,,,,,,,,,,,,,,,,,,
KB7.2,KB,KB,KB7-2,O. franksi,8B,DTV,Preheat,DTV_Preheat,,4.29429787,51.2,88.3,81.5,,0.55366667,0.61866667,0.59333333,0.58766667,,8.55666667,8.68,8.8,8.86,,,,,,,,,,,,9.95503731,,6.49212547,,3.46291184,,2.874759096,
KE13.1,KE,KE,KE13-1,O. franksi,6B,Control,Preheat,Control_Preheat,Preheat,5.68911647,41.2,64.1,80.7,,0.572,0.58366667,0.568,0.55133333,,7.41,7.50666667,7.59,7.62,,5744076,2066313,85.1,1757901,932055,45.1071546,825846,39.9671299,15227,1785,,,,,,,,
KE13.2,KE,KE,KE13-2,O. franksi,8A,DTV,Postheat,DTV_Postheat,,5.00394681,39.4,64,48.3,60.9,0.58166667,0.596,0.56633333,0.57666667,0.51366667,7.94,8.06,8.12333333,8.03333333,7.92,,,,,,,,,,,,,,,,,,
KE14.1,KE,KE,KE14-1,O. franksi,6C,Control,Postheat,Control_Postheat,Postheat,4.52482922,51.6,72.9,67.7,68.3,0.47133333,0.55066667,0.525,0.503,0.468,7.34666667,7.46,7.51666667,7.56,7.56,5694559,1481334,79.8,1181484,1035177,69.8814042,146307,9.87670573,14821,1284,,,,,,,,
KE14.2,KE,KE,KE14-2,O. franksi,8B,DTV,Preheat,DTV_Preheat,,5.47323977,47.6,66.5,56.7,,0.55566667,0.60066667,0.552,0.54,,8.62,8.73,8.81,8.86,,,,,,,,,,,,7.28984169,,4.82548059,,2.46436111,,2.958106123,
KE22.1,KE,KE,KE22-1,O. franksi,6C,Control,Postheat,Control_Postheat,,5.31224001,39.3,75.3,33.5,59.6,0.49066667,0.53366667,0.50433333,0.502,0.45633333,6.73,6.82,6.97,7.01333333,7.03,,,,,,,,,,,,,,,,,,
KE22.2,KE,KE,KE22-2,O. franksi,8A,DTV,Preheat,DTV_Preheat,,4.9563817,55.2,48.8,39.5,,0.54333333,0.59533333,0.55633333,0.53233333,,10.45,10.54,10.6333333,10.6766667,,,,,,,,,,,,9.1988687,,5.29729528,,3.90157343,,2.35773307,
KE23.1,KE,KE,KE23-1,O. franksi,6B,Control,Preheat,Control_Preheat,,5.89585767,45.4,86.8,70.3,,0.55266667,0.60533333,0.553,0.536,,8.44,8.59,8.69,8.73,,,,,,,,,,,,9.81108365,,7.25175104,,2.55933261,,3.833453929,
KE23.2,KE,KE,KE23-2,O. franksi,8C,DTV,Postheat,DTV_Postheat,,4.19203312,65.9,82.6,81.5,87.2,0.59766667,0.60266667,0.60233333,0.56933333,0.521,8.05,8.13,8.21666667,8.24666667,8.2,,,,,,,,,,,,6.0288494,,2.13760567,,3.89124373,,1.549337389
KE31.1,KE,KE,KE31-1,O. franksi,6A,Control,Preheat,Control_Preheat,,7.80226029,39.3,45.7,52.6,,0.54766667,0.58266667,0.55466667,0.52366667,,8.59,8.75,8.86,8.91,,,,,,,,,,,,5.68715723,,2.78929675,,2.89786048,,1.962536592,
KE31.2,KE,KE,KE31-2,O. franksi,8C,DTV,Postheat,DTV_Postheat,Postheat,8.06629254,46.3,48,43.6,65.5,0.55833333,0.57633333,0.57766667,0.54666667,0.51166667,7.55,7.73,7.9,7.94666667,7.89,8650934,1559284,81.1,1264383,1158441,74.2931371,105942,6.79427224,15139,1026,,,,,,,,
KE9.1,KE,KE,KE9-1,O. franksi,6A,Control,Postheat,Control_Postheat,,3.76447804,37,61.3,46.6,48,0.511,0.53,0.53366667,0.51,0.477,7.64666667,7.74666667,7.82333333,7.86,7.88,,,,,,,,,,,,5.93438083,,1.64238441,,4.29199641,,1.382662114
KE9.2,KE,KE,KE9-2,O. franksi,8B,DTV,Preheat,DTV_Preheat,Preheat,6.03423186,48.7,76,33.6,,0.53533333,0.618,0.564,0.53,,8.1,8.24,8.3,8.44,,6020069,1888099,85.2,1609007,1038914,55.0243393,570093,30.1940206,15320,2049,,,,,,,,
KF12.1,KF,KF,KF12-1,O. franksi,6B,Control,Postheat,Control_Postheat,,13.4967608,35.4,64.9,50.6,58.9,0.53333333,0.56766667,0.56466667,0.541,0.53566667,8.09,8.17333333,8.58666667,8.70333333,8.70666667,,,,,,,,,,,,,,,,,,
KF12.2,KF,KF,KF12-2,O. franksi,8B,DTV,Preheat,DTV_Preheat,,13.0091398,35.3,51.1,56.2,,0.567,0.606,0.57566667,0.563,,8.58,8.74,9.15,9.01,,,,,,,,,,,,4.56045928,,2.66704816,,1.89341112,,2.408594326,
KF16.1,KF,KF,KF16-1,O. franksi,6A,Control,Preheat,Control_Preheat,,12.3714605,41.7,54,65.4,,0.53966667,0.556,0.56066667,0.55466667,,7.8,8.16666667,8.36,8.45,,,,,,,,,,,,5.12095343,,3.24064571,,1.88030772,,2.72346562,
KF16.2,KF,KF,KF16-2,O. franksi,8B,DTV,Postheat,DTV_Postheat,,12.5418624,43.9,64.9,39.2,80.9,0.53566667,0.62233333,0.57466667,0.558,0.549,9.43,9.69,9.94,10.04,10.05,,,,,,,,,,,,2.73150976,,0.05934791,,2.67216184,,1.022209703
KF19.1,KF,KF,KF19-1,O. franksi,6A,Control,Postheat,Control_Postheat,Postheat,12.8902289,39.1,45.1,57.1,59.2,0.56166667,0.586,0.581,0.56866667,0.568,8,8.21,8.32333333,8.58,8.6,6272629,1674313,74.7,1249925,1123245,67.0869186,126680,7.5660883,14935,1022,,,,,,,,
KF19.2,KF,KF,KF19-2,O. franksi,8A,DTV,Postheat,DTV_Postheat,Postheat,12.250978,40.2,44.3,50.2,51.6,0.56633333,0.599,0.587,0.6,0.565,9.32666667,9.51333333,9.67,9.78,9.8,8807209,2200829,77.8,1712453,1176579,53.4607187,535874,24.3487341,15102,1928,,,,,,,,
KF23.1,KF,KF,KF23-1,O. franksi,6B,Control,Preheat,Control_Preheat,,9.4945586,34,52.9,39.3,,0.55066667,0.56866667,0.56933333,0.56233333,,9.98,10.2466667,10.3666667,10.4266667,,,,,,,,,,,,6.19879577,,3.41946936,,2.77932641,,2.230323055,
KF23.2,KF,KF,KF23-2,O. franksi,8C,DTV,Preheat,DTV_Preheat,Preheat,7.51437363,36.9,45.3,47.6,,0.55033333,0.59033333,0.58566667,0.577,,7.74,7.90333333,8.06,8.13,,9225466,1519045,74.8,1136577,1051869,69.2454141,84708,5.57639833,14630,661,,,,,,,,
KF7.1,KF,KF,KF7-1,O. franksi,6C,Control,Postheat,Control_Postheat,,17.2948182,46.6,60.6,60,84.1,0.51733333,0.56033333,0.56833333,0.54766667,0.52533333,8.03666667,8.55333333,8.76,8.91,8.92333333,,,,,,,,,,,,1.47170401,,-0.3048797,,1.77658374,,0.828389891
KF7.2,KF,KF,KF7-2,O. franksi,8A,DTV,Preheat,DTV_Preheat,,16.3751145,53.6,56.2,44.9,,0.53866667,0.61466667,0.563,0.56066667,,9.32,9.57,9.9,10.1466667,,,,,,,,,,,,3.66668111,,1.97388674,,1.69279438,,2.16605227,
KF9.1,KF,KF,KF9-1,O. franksi,6C,Control,Preheat,Control_Preheat,Preheat,14.2507791,34.3,51.2,43.3,,0.519,0.55533333,0.527,0.54,,8.39,8.86666667,9.09,9.25,,7930530,1109431,70.8,785068,628007,56.6062243,157061,14.1568966,12889,1113,,,,,,,,
KF9.2,KF,KF,KF9-2,O. franksi,8C,DTV,Postheat,DTV_Postheat,,15.2857949,37.4,65.6,46.6,77,0.574,0.59166667,0.59566667,0.564,0.54633333,7.95,8.20666667,8.48333333,8.54,8.69,,,,,,,,,,,,,,,,,,
KG1.1,KG,KA_KG,KG1-1,O. franksi,6B,Control,Preheat,Control_Preheat,,8.63151705,40.3,60.9,89.5,,0.574,0.57466667,0.54466667,0.56166667,,8.14666667,8.32,8.39,8.47,,,,,,,,,,,,5.95879577,,4.13661067,,1.82218509,,3.270137486,
KG1.2,KG,KA_KG,KG1-2,O. franksi,8A,DTV,Postheat,DTV_Postheat,,9.73356627,44,46.7,67,86.2,0.598,0.59766667,0.56366667,0.55033333,0.50766667,8.55,8.76,8.87,8.92,8.93,,,,,,,,,,,,,,,,,,
KG12.1,KG,KA_KG,KG12-1,O. franksi,6C,Control,Preheat,Control_Preheat,Preheat,12.5849541,37.8,77.7,41.3,,0.54433333,0.59033333,0.60766667,0.58733333,,7.6,7.89,8.02666667,8.09,,7193077,2067895,84.2,1741794,1051820,50.8642847,689974,33.3660075,15025,2079,,,,,,,,
KG12.2,KG,KA_KG,KG12-2,O. franksi,8C,DTV,Preheat,DTV_Preheat,Preheat,12.892755,38.2,69.5,51.3,,0.58666667,0.618,0.59166667,0.56366667,,9.18666667,9.43,9.57333333,9.64,,7410684,1907147,84.2,1606091,1099529,57.6530808,506562,26.5612457,15013,1921,,,,,,,,
KG16.1,KG,KA_KG,KG16-1,O. franksi,6B,Control,Postheat,Control_Postheat,,7.49413071,48.3,72.2,68.4,63.7,0.54533333,0.57366667,0.56866667,0.553,0.523,10.0533333,10.21,10.31,10.34,10.11,,,,,,,,,,,,,,,,,,
KG16.2,KG,KA_KG,KG16-2,O. franksi,8A,DTV,Preheat,DTV_Preheat,,8.65783905,49.2,56.2,43.3,,0.59533333,0.62466667,0.613,0.57266667,,6.88,6.97666667,7.04,7.08333333,,,,,,,,,,,,4.41950281,,2.45627627,,1.96322653,,2.251142567,
KG31.1,KG,KA_KG,KG31-1,O. franksi,6C,Control,Postheat,Control_Postheat,Postheat,10.1042505,49.5,84.4,53.9,84.3,0.546,0.594,0.57533333,0.54866667,0.533,7.58,7.75,7.83,7.86333333,7.87666667,5988279,1735758,81.5,1414561,1222731,70.4436333,191830,11.0516558,15395,1466,,,,,,,,
KG31.2,KG,KA_KG,KG31-2,O. franksi,8C,DTV,Postheat,DTV_Postheat,Postheat,8.48460848,45.4,76.9,63.1,79,0.567,0.63633333,0.58666667,0.57133333,0.56666667,9.86,10.02,10.09,10.12,10.13,5222728,1573192,83.1,1307721,900488,57.2395486,407233,25.8857787,14966,1884,,,,,,,,
KG33.1,KG,KA_KG,KG33-1,O. franksi,6A,Control,Postheat,Control_Postheat,,5.42219401,43.1,65.1,48,62.1,0.55133333,0.58333333,0.546,0.536,0.512,7.39,7.61333333,7.66,7.6,7.72,,,,,,,,,,,,6.97038482,,4.15938794,,2.81099687,,2.479684305
KG33.2,KG,KA_KG,KG33-2,O. franksi,8B,DTV,Preheat,DTV_Preheat,,8.12061106,51.3,86.2,65.5,,0.57566667,0.61633333,0.58066667,0.55733333,,9.06333333,9.12,9.29,9.3,,,,,,,,,,,,3.88134424,,1.30396974,,2.57737449,,1.505929486,
KG37.1,KG,KA_KG,KG37-1,O. franksi,6A,Control,Preheat,Control_Preheat,,9.51668844,38.1,46.6,52.3,,0.555,0.593,0.571,0.56366667,,7.56,7.84666667,7.90333333,7.91,,,,,,,,,,,,5.13637782,,3.13502646,,2.00135135,,2.566454821,
KG37.2,KG,KA_KG,KG37-2,O. franksi,8B,DTV,Postheat,DTV_Postheat,,11.9578518,50.1,91.2,68.3,83.2,0.61433333,0.64266667,0.58166667,0.54833333,0.536,8.45,8.61,8.68,8.81,8.92,,,,,,,,,,,,2.64951717,,0.56380779,,2.08570938,,1.270319439
VB1.1,VB,VB_VD,VB1-1,O. faveolata,6A,Control,Preheat,Control_Preheat,,7.52194783,47,98.8,60.2,,0.54733333,0.545,0.55633333,0.52533333,,9.83,10,10.23,10.21,,,,,,,,,,,,6.20159604,,3.67218558,,2.52941046,,2.451795048,
VB1.2,VB,VB_VD,VB1-2,O. faveolata,8A,DTV,Preheat,DTV_Preheat,Preheat,9.43930157,64.6,75.9,41.5,,0.595,0.617,0.58166667,0.57233333,,8.53,8.75333333,8.98,9.05666667,,6265451,1903223,85.6,1628341,984297,51.7173763,644044,33.8396499,15252,2063,,,,,,,,
VB11.1,VB,VB_VD,VB11-1,O. faveolata,6C,Control,Postheat,Control_Postheat,Postheat,6.49888718,43.4,99,58.7,73.9,0.544,0.528,0.537,0.51666667,0.46933333,8.52,8.68,8.8,8.86,8.88,6573910,2031826,85.7,1740949,1286493,63.3170852,454456,22.3668759,15570,2159,,,,,,,,
VB11.2,VB,VB_VD,VB11-2,O. faveolata,8C,DTV,Postheat,DTV_Postheat,Postheat,8.11949605,49.3,102.8,54.5,77.6,0.57533333,0.58966667,0.575,0.517,0.531,7.36,7.55,7.74,7.81,7.84,6368067,1122908,85.9,964764,605945,53.9621233,358819,31.9544433,13981,1785,,,,,,,,
VB15.1,VB,VB_VD,VB15-1,O. faveolata,6C,Control,Postheat,Control_Postheat,,11.9507057,52.4,91.1,61.1,69,0.55833333,0.59033333,0.55966667,0.54366667,0.53933333,8.16,8.48,8.84,8.95,8.98,,,,,,,,,,,,5.49662474,,3.21649731,,2.28012742,,2.410665602
VB15.2,VB,VB_VD,VB15-2,O. faveolata,8B,DTV,Postheat,DTV_Postheat,,10.1442893,51.9,98.8,53.4,75.2,0.58333333,0.60666667,0.58833333,0.54133333,0.53366667,7.53666667,7.76,8.02,8.15,8.19666667,,,,,,,,,,,,4.50392373,,1.75819873,,2.745725,,1.640340431
VB3.1,VB,VB_VD,VB3-1,O. faveolata,6B,Control,Preheat,Control_Preheat,,9.08435323,58.8,86.3,59.9,,0.53333333,0.56866667,0.54,0.51866667,,7.77,7.98666667,8.15,8.23,,,,,,,,,,,,4.23875964,,1.91839859,,2.32036106,,1.82676727,
VB3.2,VB,VB_VD,VB3-2,O. faveolata,8C,DTV,Postheat,DTV_Postheat,,11.3532942,50.4,89.4,48.6,62.2,0.55233333,0.61866667,0.58666667,0.546,0.52966667,7.98,8.23,8.34666667,8.53,8.56666667,,,,,,,,,,,,,,,,,,
VB5.1,VB,VB_VD,VB5-1,O. faveolata,6A,Control,Preheat,Control_Preheat,Preheat,9.50734947,48.4,94.5,59.4,,0.535,0.59166667,0.52866667,0.51,,8.59,8.78,8.90333333,8.96,,7461661,2347548,80.8,1897148,967810,41.2264201,929338,39.5876038,15277,2198,,,,,,,,
VB5.2,VB,VB_VD,VB5-2,O. faveolata,8B,DTV,Preheat,DTV_Preheat,,9.16768611,50.6,105.3,49.6,,0.58766667,0.592,0.556,0.532,,8.53666667,8.73,8.9,8.91,,,,,,,,,,,,6.59200924,,4.07365592,,2.51835332,,2.61758713,
VB8.1,VB,VB_VD,VB8-1,O. faveolata,6B,Control,Postheat,Control_Postheat,,3.86256311,37.7,66.4,48.9,55.7,0.56966667,0.538,0.54666667,0.51633333,0.51533333,7.13,7.23,7.31,7.34,7.36,,,,,,,,,,,,,,,,,,
VB8.2,VB,VB_VD,VB8-2,O. faveolata,8A,DTV,Preheat,DTV_Preheat,,5.53785715,63.6,76.3,57.5,,0.56866667,0.616,0.55466667,0.53666667,,8.80666667,8.94333333,9.05333333,9.09,,,,,,,,,,,,10.7800907,,7.50162078,,3.27846988,,3.288146939,
VD10.1,VD,VB_VD,VD10-1,O. faveolata,6B,Control,Preheat,Control_Preheat,Preheat,4.00097957,38,68.1,42.4,,0.52366667,0.63233333,0.541,0.50633333,,7.85,7.95,8.02,8.04666667,,6464677,1876021,83.4,1564328,1130491,60.2600397,433837,23.1253808,15342,1902,,,,,,,,
VD10.2,VD,VB_VD,VD10-2,O. faveolata,8C,DTV,Postheat,DTV_Postheat,,4.95451069,34.1,56.6,30.8,46.8,0.56766667,0.61233333,0.553,0.56933333,0.538,6.56,6.68,6.76,6.79,6.80666667,,,,,,,,,,,,8.15311896,,4.8938424,,3.25927656,,2.501511857
VD14.1,VD,VB_VD,VD14-1,O. faveolata,6C,Control,Postheat,Control_Postheat,,4.36768676,52.5,93.4,52,61.6,0.561,0.56433333,0.54,0.51233333,0.502,7.58,7.67,7.75,7.79,7.85,,,,,,,,,,,,,,,,,,
VD14.2,VD,VB_VD,VD14-2,O. faveolata,8C,DTV,Postheat,DTV_Postheat,,5.06010782,47,94.1,34.5,68.9,0.572,0.591,0.55066667,0.528,0.513,7.28,7.38,7.49333333,7.56333333,7.62666667,,,,,,,,,,,,,,,,,,
VD15.1,VD,VB_VD,VD15-1,O. faveolata,6A,Control,Preheat,Control_Preheat,,6.41046039,44.6,84.4,55.2,,0.54833333,0.56166667,0.53466667,0.52466667,,8.73,8.9,8.97666667,9,,,,,,,,,,,,7.03886019,,5.2282573,,1.81060288,,3.887578147,
VD15.2,VD,VB_VD,VD15-2,O. faveolata,8B,DTV,Preheat,DTV_Preheat,Preheat,6.23774125,47.1,103.1,39.7,,0.601,0.62333333,0.55933333,0.538,,9.14,9.27,9.46,9.5,,7486510,2071516,84.4,1747967,1182197,57.0691706,565770,27.3118817,15464,2001,,,,,,,,
VD17.1,VD,VB_VD,VD17-1,O. faveolata,6C,Control,Postheat,Control_Postheat,Postheat,7.5554734,54.2,77,51.6,51.6,0.57166667,0.60133333,0.58433333,0.558,0.5,9.27,9.43,9.57666667,9.64666667,9.66,8107613,1870435,83.4,1559732,984099,52.613376,575633,30.7753544,15256,2004,,,,,,,,
VD17.2,VD,VB_VD,VD17-2,O. faveolata,8A,DTV,Postheat,DTV_Postheat,Postheat,7.17494344,39.6,83.4,25.6,49.3,0.574,0.59533333,0.566,0.57333333,0.53933333,6.68666667,6.86,7.00333333,7.05666667,7.08666667,7697623,2185702,83.1,1816954,1504792,68.8470798,312162,14.2820019,15763,1772,,,,,,,,
VD2.1,VD,VB_VD,VD2-1,O. faveolata,6A,Control,Postheat,Control_Postheat,,6.08144566,44.1,84.2,60,60,0.57333333,0.572,0.54566667,0.524,0.511,8.45666667,8.58,8.66,8.71,8.75,,,,,,,,,,,,4.46594892,,1.44682779,,3.01912113,,1.479221511
VD2.2,VD,VB_VD,VD2-2,O. faveolata,8B,DTV,Preheat,DTV_Preheat,,7.80550123,52.6,92.3,50.5,,0.57266667,0.60433333,0.58033333,0.551,,9.86,10.02,10.17,10.2366667,,,,,,,,,,,,6.99043855,,4.62500401,,2.36543454,,2.95524498,
VD4.1,VD,VB_VD,VD4-1,O. faveolata,6B,Control,Preheat,Control_Preheat,,6.0503382,51.3,86.1,68,,0.551,0.56266667,0.53133333,0.50566667,,9.31,9.48,9.58,9.65,,,,,,,,,,,,6.05400865,,4.02090163,,2.03310702,,2.977712728,
VD4.2,VD,VB_VD,VD4-2,O. faveolata,8A,DTV,Preheat,DTV_Preheat,,8.53191833,54.5,99.8,68.2,,0.56466667,0.61233333,0.544,0.546,,9.51,9.72,9.84,9.89,,,,,,,,,,,,6.61113329,,4.59095736,,2.02017592,,3.272553259,
VE14.1,VE,VE,VE14-1,O. faveolata,6C,Control,Postheat,Control_Postheat,,11.3091717,46.1,64.2,58.8,66.6,0.60433333,0.617,0.62166667,0.61066667,0.56133333,7.7,7.83,7.97,8.07,8.10666667,,,,,,,,,,,,,,,,,,
VE14.2,VE,VE,VE14-2,O. faveolata,8C,DTV,Preheat,DTV_Preheat,Preheat,12.1557127,54.9,59.4,43.2,,0.629,0.64333333,0.64366667,0.62933333,,8.15,8.39,8.60333333,8.73666667,,6851480,2143480,88.4,1894628,828850,38.668427,1065778,49.7218542,14360,2131,,,,,,,,
VE15.1,VE,VE,VE15-1,O. faveolata,6B,Control,Preheat,Control_Preheat,,9.79135951,44.7,73.2,45.3,,0.57733333,0.62633333,0.618,0.61933333,,7.81,7.92,8.19333333,8.26,,,,,,,,,,,,6.30040927,,4.19383717,,2.10657209,,2.990834873,
VE15.2,VE,VE,VE15-2,O. faveolata,8B,DTV,Postheat,DTV_Postheat,,10.2708794,43.3,67,35.7,38.3,0.601,0.625,0.62366667,0.61133333,0.59966667,8.87,8.99,9.2,9.34,9.46,,,,,,,,,,,,,,,,,,
VE18.1,VE,VE,VE18-1,O. faveolata,6A,Control,Postheat,Control_Postheat,Postheat,8.25969435,35.5,45.5,48.2,49.7,0.60633333,0.61133333,0.61733333,0.62033333,0.58266667,7.07,7.21,7.35666667,7.49,7.54,6671230,2183777,84.1,1836818,1374223,62.928724,462595,21.1832527,15609,1961,,,,,,,,
VE18.2,VE,VE,VE18-2,O. faveolata,8A,DTV,Postheat,DTV_Postheat,Postheat,6.63716994,49.1,59.6,34.3,51.2,0.61866667,0.64333333,0.639,0.62566667,0.586,7.74,8.02,8.26,8.38,8.48,6937246,2071858,84.3,1745797,1406824,67.9015647,338973,16.360822,15562,1795,,,,,,,,
VE30.1,VE,VE,VE30-1,O. faveolata,6C,Control,Preheat,Control_Preheat,Preheat,9.75649793,44.1,85.8,56.7,,0.60333333,0.58533333,0.62933333,0.60166667,,7.72,7.91,8.05,8.16666667,,8010374,2500965,87.5,2188350,1019343,40.7579874,1169007,46.7422375,15128,2235,,,,,,,,
VE30.2,VE,VE,VE30-2,O. faveolata,8A,DTV,Preheat,DTV_Preheat,,10.8382382,47.7,63.5,61.3,,0.61666667,0.63933333,0.62733333,0.592,,7.21666667,7.58,7.80666667,7.93,,,,,,,,,,,,3.94698102,,2.1003644,,1.84661662,,2.137412269,
VE32.1,VE,VE,VE32-1,O. faveolata,6A,Control,Preheat,Control_Preheat,,5.92508008,37.5,51.9,52.5,,0.57833333,0.62333333,0.63066667,0.63433333,,6.42,6.59,6.8,6.9,,,,,,,,,,,,7.15067888,,3.65362913,,3.49704976,,2.044774702,
VE32.2,VE,VE,VE32-2,O. faveolata,8B,DTV,Preheat,DTV_Preheat,,10.1012563,49.2,58.5,47.7,,0.61733333,0.66,0.63566667,0.63033333,,9.41,9.68,9.95,10.09,,,,,,,,,,,,NA,,NA,,NA,,,
VE5.1,VE,VE,VE5-1,O. faveolata,6B,Control,Postheat,Control_Postheat,,12.8385052,62.6,83.2,67,64.3,0.583,0.61933333,0.64566667,0.61866667,0.57333333,7.77,7.93,8.30666667,8.13333333,8.32,,,,,,,,,,,,3.0892327,,0.19972842,,2.88950428,,1.069122036
VE5.2,VE,VE,VE5-2,O. faveolata,8C,DTV,Postheat,DTV_Postheat,,13.4784105,55.3,82.5,59.8,69.6,0.60166667,0.64033333,0.63466667,0.60733333,0.57633333,7.9,7.95666667,8.13,8.63,8.32,,,,,,,,,,,,2.91855995,,0.65630751,,2.26225244,,1.290112411
VF1.1,VF,VF,VF1-1,O. faveolata,6B,Control,Postheat,Control_Postheat,,11.6532615,46.9,59.8,51.1,47,0.58733333,0.60433333,0.58566667,0.56133333,0.53533333,9.64666667,10.06,10.3,10.42,10.47,,,,,,,,,,,,,,,,,,
VF1.2,VF,VF,VF1-2,O. faveolata,8C,DTV,Postheat,DTV_Postheat,,11.4494602,41.1,61,37.6,40.7,0.60766667,0.63266667,0.60533333,0.587,0.544,10.9,11.29,11.5266667,11.63,11.64,,,,,,,,,,,,,,,,,,
VF12.1,VF,VF,VF12-1,O. faveolata,6B,Control,Preheat,Control_Preheat,,17.5084144,41.1,62.6,51.6,,0.58533333,0.60033333,0.60466667,0.56333333,,9.80666667,10.3466667,10.74,10.92,,,,,,,,,,,,5.82649547,,4.05777205,,1.76872342,,3.294181218,
VF12.2,VF,VF,VF12-2,O. faveolata,8A,DTV,Preheat,DTV_Preheat,,16.4178931,44.7,68.2,40.4,,0.60066667,0.633,0.608,0.578,,10.83,11.34,11.63,11.7666667,,,,,,,,,,,,4.48359807,,2.94054616,,1.54305191,,2.90566898,
VF23.1,VF,VF,VF23-1,O. faveolata,6A,Control,Preheat,Control_Preheat,,12.8811522,45.7,57.9,34.9,,0.57966667,0.58066667,0.58433333,0.55766667,,8.69,9.09,9.32666667,9.46666667,,,,,,,,,,,,5.1941054,,2.97700531,,2.21710009,,2.342747368,
VF23.2,VF,VF,VF23-2,O. faveolata,8A,DTV,Preheat,DTV_Preheat,Preheat,12.0126011,51.4,58.5,37.9,,0.58033333,0.622,0.60166667,0.58266667,,8.72,9.04,9.30666667,9.45666667,,7340100,2424200,87.6,2122527,1210168,49.9203036,912359,37.6354674,15480,2220,,,,,,,,
VF31.1,VF,VF,VF31-1,O. faveolata,6A,Control,Preheat,Control_Preheat,Preheat,13.6974142,38.1,73.2,66.4,,0.571,0.60566667,0.59433333,0.58466667,,9.42,9.89,10.17,10.32,,8629965,2281800,88.5,2019100,979962,42.946884,1039138,45.5402752,14708,2177,,,,,,,,
VF31.2,VF,VF,VF31-2,O. faveolata,8B,DTV,Preheat,DTV_Preheat,,16.9771823,40.3,67.6,42.4,,0.58366667,0.62166667,0.61,0.58433333,,9.75,10.3133333,10.65,10.83,,,,,,,,,,,,4.66466896,,2.69931526,,1.9653537,,2.373450112,
VF39.1,VF,VF,VF39-1,O. faveolata,6C,Control,Postheat,Control_Postheat,,5.75888507,48.9,63,40.9,46.8,0.60233333,0.60366667,0.591,0.56366667,0.54233333,8.15,8.5,8.8,8.84,9.01,,,,,,,,,,,,6.99487316,,1.68260005,,5.31227311,,1.316738243
VF39.2,VF,VF,VF39-2,O. faveolata,8B,DTV,Postheat,DTV_Postheat,,13.0955293,41,65.1,38.7,45.6,0.596,0.63166667,0.601,0.58333333,0.55566667,10.14,10.62,10.9133333,11.04,11.14,,,,,,,,,,,,3.048443,,0.76662571,,2.28181729,,1.335971558
VF40.1,VF,VF,VF40-1,O. faveolata,6C,Control,Postheat,Control_Postheat,Postheat,11.9569392,51.5,58.9,41.2,53.7,0.56966667,0.61733333,0.57633333,0.56133333,0.52233333,7.72,8.08,8.33,8.43,8.53,8826452,1274918,84.6,1078118,811199,63.6275431,266919,20.93617,13601,1548,,,,,,,,
VF40.2,VF,VF,VF40-2,O. faveolata,8C,DTV,Postheat,DTV_Postheat,Postheat,13.3528384,44.8,56.2,34.7,48.5,0.60533333,0.627,0.615,0.577,0.537,9.94,10.39,10.6333333,10.85,10.92,8850477,1116559,85.9,958892,758409,67.923773,200483,17.9554327,13531,1425,,,,,,,,
VG1.1,VG,VG,VG1-1,O. faveolata,6C,Control,Postheat,Control_Postheat,Postheat,9.1097606,61.5,114.1,59.3,60.5,0.531,0.56766667,0.54733333,0.55833333,0.52466667,10.79,11.0133333,11.13,10.9933333,10.9,7421010,1930161,84.6,1633204,1371576,71.0601862,261628,13.5547242,15541,1642,,,,,,,,
VG1.2,VG,VG,VG1-2,O. faveolata,8C,DTV,Postheat,DTV_Postheat,Postheat,8.08496387,61.2,93.1,56.5,72.4,0.556,0.60166667,0.58666667,0.56333333,0.55466667,8.07,8.23,8.3,8.34,8.34333333,7235264,1139463,85.9,978973,743384,65.2398542,235589,20.675441,14028,1557,,,,,,,,
VG17.1,VG,VG,VG17-1,O. faveolata,6C,Control,Postheat,Control_Postheat,,8.64202426,46.7,85,69.5,61.4,0.57166667,0.57266667,0.56033333,0.55633333,0.53633333,8.12,8.24666667,8.34,8.40666667,8.43333333,,,,,,,,,,,,,,,,,,
VG17.2,VG,VG,VG17-2,O. faveolata,8B,DTV,Preheat,DTV_Preheat,Preheat,12.5513335,59.9,105.5,60.8,,0.573,0.614,0.58466667,0.55866667,,9.03666667,9.2,9.31,9.4,,7173769,2575007,86.3,2223302,1089053,42.2932054,1134249,44.0483851,15486,2271,,,,,,,,
VG21.1,VG,VG,VG21-1,O. faveolata,6B,Control,Preheat,Control_Preheat,,9.61069262,53.3,123.1,55,,0.53466667,0.55833333,0.55333333,0.552,,7.59,7.74,7.84,7.9,,,,,,,,,,,,4.83846002,,2.2708301,,2.56762992,,1.884407088,
VG21.2,VG,VG,VG21-2,O. faveolata,8B,DTV,Preheat,DTV_Preheat,,10.9801024,64.6,102,41.3,,0.557,0.59833333,0.57833333,0.54733333,,8.46,8.67,8.78,8.85666667,,,,,,,,,,,,3.35564828,,1.26022402,,2.09542427,,1.601417111,
VG39.1,VG,VG,VG39-1,O. faveolata,6A,Control,Preheat,Control_Preheat,,4.58222466,69,116.5,46.5,,0.51766667,0.51533333,0.538,0.538,,8.56,8.7,8.8,8.83666667,,,,,,,,,,,,6.45080568,,3.8625564,,2.58824928,,2.492343272,
VG39.2,VG,VG,VG39-2,O. faveolata,8A,DTV,Postheat,DTV_Postheat,,11.2387897,65.5,84,57.2,43.4,0.57933333,0.60833333,0.58833333,0.56833333,0.52733333,8.28,8.4,8.48333333,8.52,8.52,,,,,,,,,,,,,,,,,,
VG6.1,VG,VG,VG6-1,O. faveolata,6B,Control,Preheat,Control_Preheat,Preheat,5.05522688,59.8,99.9,66.9,,0.49433333,0.496,0.51466667,0.514,,8.75,8.83,8.89333333,8.93,,7842604,1144238,83.5,955417,499116,43.6199462,456301,39.8781547,13535,1902,,,,,,,,
VG6.2,VG,VG,VG6-2,O. faveolata,8C,DTV,Postheat,DTV_Postheat,,5.6689729,74.7,111,48.8,43.8,0.52766667,0.566,0.53933333,0.54033333,0.53833333,8.71666667,8.8,8.87,8.9,8.92,,,,,,,,,,,,5.91846325,,3.14873402,,2.76972923,,2.13683821
VG8.1,VG,VG,VG8-1,O. faveolata,6A,Control,Postheat,Control_Postheat,,4.96279019,71.8,107.8,53.2,62.4,0.48833333,0.49466667,0.53033333,0.53633333,0.51233333,8.62,8.79333333,8.86,8.92,8.89666667,,,,,,,,,,,,5.17152993,,1.80414769,,3.36738224,,1.535771576
VG8.2,VG,VG,VG8-2,O. faveolata,8A,DTV,Preheat,DTV_Preheat,,4.96739576,70,92.9,79.9,,0.542,0.57266667,0.57133333,0.573,,9.23,9.29,9.34666667,9.38,,,,,,,,,,,,6.22708688,,4.32389771,,1.90318917,,3.271922192,